<?xml version="1.0" encoding="UTF-8"?>
<DashboardFolder xmlns="http://soap.sforce.com/2006/04/metadata">
    <folderShares>
        <accessLevel>Manage</accessLevel>
        <sharedTo>ijj168@anadarko.com</sharedTo>
        <sharedToType>User</sharedToType>
    </folderShares>
    <folderShares>
        <accessLevel>Manage</accessLevel>
        <sharedTo>biq381@anadarko.com</sharedTo>
        <sharedToType>User</sharedToType>
    </folderShares>
    <folderShares>
        <accessLevel>Manage</accessLevel>
        <sharedTo>Advocacy_Director</sharedTo>
        <sharedToType>Role</sharedToType>
    </folderShares>
    <folderShares>
        <accessLevel>Manage</accessLevel>
        <sharedTo>Advocacy_Manager</sharedTo>
        <sharedToType>Role</sharedToType>
    </folderShares>
    <name>Management Dashboards</name>
</DashboardFolder>
